Cleveland Cavaliers,New York Knicks,Cleveland Cavaliers
Golden State Warriors,San Antonio Spurs,San Antonio Spurs
Portland Trail Blazers,Utah Jazz,Portland Trail Blazers
Boston Celtics,Brooklyn Nets,Boston Celtics
Indiana Pacers,Dallas Mavericks,Indiana Pacers
Los Angeles Lakers,Houston Rockets,Los Angeles Lakers
Memphis Grizzlies,Minnesota Timberwolves,Memphis Grizzlies
Milwaukee Bucks,Charlotte Hornets,Charlotte Hornets
New Orleans Pelicans,Denver Nuggets,Denver Nuggets
Orlando Magic,Miami Heat,Miami Heat
Philadelphia 76ers,Oklahoma City Thunder,Oklahoma City Thunder
Phoenix Suns,Sacramento Kings,Sacramento Kings
Toronto Raptors,Detroit Pistons,Toronto Raptors
Atlanta Hawks,Washington Wizards,Atlanta Hawks
Chicago Bulls,Boston Celtics,Chicago Bulls
Portland Trail Blazers,Los Angeles Clippers,Los Angeles Clippers
Sacramento Kings,San Antonio Spurs,San Antonio Spurs
Brooklyn Nets,Indiana Pacers,Brooklyn Nets
Dallas Mavericks,Houston Rockets,Houston Rockets
Detroit Pistons,Orlando Magic,Detroit Pistons
Miami Heat,Charlotte Hornets,Charlotte Hornets
New Orleans Pelicans,Golden State Warriors,Golden State Warriors
Oklahoma City Thunder,Phoenix Suns,Oklahoma City Thunder
Toronto Raptors,Cleveland Cavaliers,Cleveland Cavaliers
Utah Jazz,Los Angeles Lakers,Utah Jazz
Chicago Bulls,Indiana Pacers,Chicago Bulls
Charlotte Hornets,Boston Celtics,Boston Celtics
Cleveland Cavaliers,Orlando Magic,Cleveland Cavaliers
Denver Nuggets,Portland Trail Blazers,Portland Trail Blazers
Milwaukee Bucks,Brooklyn Nets,Milwaukee Bucks
New York Knicks,Memphis Grizzlies,New York Knicks
Philadelphia 76ers,Atlanta Hawks,Atlanta Hawks
Sacramento Kings,Minnesota Timberwolves,Sacramento Kings
San Antonio Spurs,New Orleans Pelicans,San Antonio Spurs
Detroit Pistons,Milwaukee Bucks,Detroit Pistons
Houston Rockets,Dallas Mavericks,Houston Rockets
Los Angeles Clippers,Utah Jazz,Los Angeles Clippers
Memphis Grizzlies,Washington Wizards,Memphis Grizzlies
Miami Heat,San Antonio Spurs,San Antonio Spurs
Oklahoma City Thunder,Los Angeles Lakers,Oklahoma City Thunder
Phoenix Suns,Golden State Warriors,Golden State Warriors
Atlanta Hawks,Sacramento Kings,Atlanta Hawks
Brooklyn Nets,Chicago Bulls,Chicago Bulls
Los Angeles Clippers,Phoenix Suns,Los Angeles Clippers
Toronto Raptors,Denver Nuggets,Toronto Raptors
Cleveland Cavaliers,Houston Rockets,Cleveland Cavaliers
Detroit Pistons,New York Knicks,Detroit Pistons
Indiana Pacers,Los Angeles Lakers,Indiana Pacers
Miami Heat,Sacramento Kings,Miami Heat
Minnesota Timberwolves,Memphis Grizzlies,Minnesota Timberwolves
New Orleans Pelicans,Milwaukee Bucks,Milwaukee Bucks
Philadelphia 76ers,Orlando Magic,Orlando Magic
Portland Trail Blazers,Golden State Warriors,Golden State Warriors
San Antonio Spurs,Utah Jazz,Utah Jazz
Atlanta Hawks,Los Angeles Lakers,Los Angeles Lakers
Boston Celtics,Chicago Bulls,Boston Celtics
Brooklyn Nets,Detroit Pistons,Brooklyn Nets
Charlotte Hornets,Philadelphia 76ers,Charlotte Hornets
Los Angeles Clippers,Oklahoma City Thunder,Oklahoma City Thunder
Memphis Grizzlies,New Orleans Pelicans,Memphis Grizzlies
New York Knicks,Houston Rockets,Houston Rockets
Phoenix Suns,Portland Trail Blazers,Phoenix Suns
Utah Jazz,Dallas Mavericks,Utah Jazz
Washington Wizards,Toronto Raptors,Toronto Raptors
Cleveland Cavaliers,Boston Celtics,Cleveland Cavaliers
Golden State Warriors,Oklahoma City Thunder,Golden State Warriors
Milwaukee Bucks,Indiana Pacers,Milwaukee Bucks
Minnesota Timberwolves,Denver Nuggets,Denver Nuggets
Orlando Magic,Sacramento Kings,Orlando Magic
Brooklyn Nets,Charlotte Hornets,Charlotte Hornets
Chicago Bulls,New York Knicks,New York Knicks
Dallas Mavericks,Portland Trail Blazers,Portland Trail Blazers
Los Angeles Lakers,Golden State Warriors,Los Angeles Lakers
Memphis Grizzlies,Los Angeles Clippers,Los Angeles Clippers
New Orleans Pelicans,Phoenix Suns,Phoenix Suns
Toronto Raptors,Miami Heat,Toronto Raptors
Utah Jazz,San Antonio Spurs,San Antonio Spurs
Washington Wizards,Atlanta Hawks,Washington Wizards
Atlanta Hawks,Houston Rockets,Atlanta Hawks
Detroit Pistons,Denver Nuggets,Detroit Pistons
Indiana Pacers,Chicago Bulls,Indiana Pacers
Milwaukee Bucks,Sacramento Kings,Milwaukee Bucks
Oklahoma City Thunder,Minnesota Timberwolves,Oklahoma City Thunder
Orlando Magic,Washington Wizards,Orlando Magic
Philadelphia 76ers,Cleveland Cavaliers,Cleveland Cavaliers
San Antonio Spurs,Los Angeles Clippers,Los Angeles Clippers
Boston Celtics,Denver Nuggets,Denver Nuggets
Dallas Mavericks,Milwaukee Bucks,Dallas Mavericks
Los Angeles Lakers,Phoenix Suns,Los Angeles Lakers
Memphis Grizzlies,Portland Trail Blazers,Portland Trail Blazers
New York Knicks,Utah Jazz,Utah Jazz
Toronto Raptors,Sacramento Kings,Sacramento Kings
Chicago Bulls,Orlando Magic,Chicago Bulls
Charlotte Hornets,Indiana Pacers,Charlotte Hornets
Golden State Warriors,New Orleans Pelicans,Golden State Warriors
Los Angeles Clippers,Detroit Pistons,Los Angeles Clippers
Oklahoma City Thunder,Miami Heat,Oklahoma City Thunder
Philadelphia 76ers,Utah Jazz,Utah Jazz
Washington Wizards,Houston Rockets,Houston Rockets
Brooklyn Nets,Minnesota Timberwolves,Brooklyn Nets
Cleveland Cavaliers,Atlanta Hawks,Atlanta Hawks
Los Angeles Lakers,Dallas Mavericks,Dallas Mavericks
Memphis Grizzlies,Denver Nuggets,Memphis Grizzlies
Portland Trail Blazers,Phoenix Suns,Portland Trail Blazers
Sacramento Kings,New Orleans Pelicans,Sacramento Kings
Atlanta Hawks,Chicago Bulls,Atlanta Hawks
Charlotte Hornets,Utah Jazz,Charlotte Hornets
Golden State Warriors,Dallas Mavericks,Golden State Warriors
Indiana Pacers,Philadelphia 76ers,Indiana Pacers
Los Angeles Clippers,Portland Trail Blazers,Los Angeles Clippers
New York Knicks,Brooklyn Nets,New York Knicks
Oklahoma City Thunder,Toronto Raptors,Toronto Raptors
Orlando Magic,Minnesota Timberwolves,Minnesota Timberwolves
Phoenix Suns,Detroit Pistons,Phoenix Suns
San Antonio Spurs,Houston Rockets,Houston Rockets
Washington Wizards,Boston Celtics,Washington Wizards
Denver Nuggets,Golden State Warriors,Golden State Warriors
Miami Heat,Chicago Bulls,Chicago Bulls
Milwaukee Bucks,New Orleans Pelicans,New Orleans Pelicans
Sacramento Kings,Los Angeles Lakers,Los Angeles Lakers
Boston Celtics,New York Knicks,Boston Celtics
Charlotte Hornets,Toronto Raptors,Toronto Raptors
Oklahoma City Thunder,Los Angeles Clippers,Los Angeles Clippers
Orlando Magic,Utah Jazz,Utah Jazz
Philadelphia 76ers,Indiana Pacers,Philadelphia 76ers
Portland Trail Blazers,Sacramento Kings,Portland Trail Blazers
San Antonio Spurs,Detroit Pistons,San Antonio Spurs
Washington Wizards,Cleveland Cavaliers,Cleveland Cavaliers
Atlanta Hawks,Philadelphia 76ers,Atlanta Hawks
Chicago Bulls,Washington Wizards,Chicago Bulls
Denver Nuggets,Detroit Pistons,Detroit Pistons
Houston Rockets,San Antonio Spurs,San Antonio Spurs
Indiana Pacers,Boston Celtics,Boston Celtics
Miami Heat,Utah Jazz,Utah Jazz
Milwaukee Bucks,Memphis Grizzlies,Milwaukee Bucks
Minnesota Timberwolves,Los Angeles Clippers,Los Angeles Clippers
New Orleans Pelicans,Los Angeles Lakers,Los Angeles Lakers
Phoenix Suns,Brooklyn Nets,Brooklyn Nets
Toronto Raptors,New York Knicks,Toronto Raptors
Cleveland Cavaliers,Charlotte Hornets,Cleveland Cavaliers
Golden State Warriors,Phoenix Suns,Golden State Warriors
Minnesota Timberwolves,Los Angeles Lakers,Minnesota Timberwolves
Oklahoma City Thunder,Orlando Magic,Orlando Magic
Portland Trail Blazers,Denver Nuggets,Portland Trail Blazers
Detroit Pistons,Oklahoma City Thunder,Detroit Pistons
Houston Rockets,Philadelphia 76ers,Houston Rockets
Indiana Pacers,Orlando Magic,Indiana Pacers
Los Angeles Clippers,Brooklyn Nets,Los Angeles Clippers
New Orleans Pelicans,Boston Celtics,New Orleans Pelicans
New York Knicks,Dallas Mavericks,New York Knicks
San Antonio Spurs,Miami Heat,San Antonio Spurs
Utah Jazz,Memphis Grizzlies,Memphis Grizzlies
Cleveland Cavaliers,Toronto Raptors,Cleveland Cavaliers
Los Angeles Lakers,Brooklyn Nets,Los Angeles Lakers
Miami Heat,Atlanta Hawks,Atlanta Hawks
Minnesota Timberwolves,Charlotte Hornets,Charlotte Hornets
Portland Trail Blazers,Chicago Bulls,Chicago Bulls
Atlanta Hawks,Milwaukee Bucks,Atlanta Hawks
Boston Celtics,Dallas Mavericks,Boston Celtics
Denver Nuggets,Phoenix Suns,Denver Nuggets
Indiana Pacers,Cleveland Cavaliers,Indiana Pacers
Los Angeles Clippers,Memphis Grizzlies,Memphis Grizzlies
New York Knicks,Detroit Pistons,New York Knicks
Oklahoma City Thunder,Houston Rockets,Oklahoma City Thunder
Orlando Magic,New Orleans Pelicans,Orlando Magic
Philadelphia 76ers,Washington Wizards,Philadelphia 76ers
Sacramento Kings,San Antonio Spurs,San Antonio Spurs
Toronto Raptors,Golden State Warriors,Golden State Warriors
Houston Rockets,Portland Trail Blazers,Houston Rockets
Miami Heat,Milwaukee Bucks,Miami Heat
Minnesota Timberwolves,Philadelphia 76ers,Minnesota Timberwolves
Utah Jazz,Chicago Bulls,Chicago Bulls
Washington Wizards,New York Knicks,Washington Wizards
Boston Celtics,Golden State Warriors,Golden State Warriors
Charlotte Hornets,Atlanta Hawks,Charlotte Hornets
Cleveland Cavaliers,Detroit Pistons,Cleveland Cavaliers
Dallas Mavericks,Memphis Grizzlies,Memphis Grizzlies
Denver Nuggets,Toronto Raptors,Toronto Raptors
Indiana Pacers,Phoenix Suns,Phoenix Suns
Los Angeles Lakers,San Antonio Spurs,San Antonio Spurs
New Orleans Pelicans,Portland Trail Blazers,New Orleans Pelicans
Oklahoma City Thunder,Brooklyn Nets,Oklahoma City Thunder
Sacramento Kings,Los Angeles Clippers,Los Angeles Clippers
Detroit Pistons,Boston Celtics,Boston Celtics
Houston Rockets,Utah Jazz,Houston Rockets
Los Angeles Clippers,Chicago Bulls,Los Angeles Clippers
Memphis Grizzlies,Minnesota Timberwolves,Memphis Grizzlies
Milwaukee Bucks,Golden State Warriors,Golden State Warriors
New Orleans Pelicans,Charlotte Hornets,New Orleans Pelicans
Orlando Magic,Dallas Mavericks,Orlando Magic
Philadelphia 76ers,Phoenix Suns,Philadelphia 76ers
Washington Wizards,Miami Heat,Miami Heat
Brooklyn Nets,Portland Trail Blazers,Portland Trail Blazers
Denver Nuggets,Utah Jazz,Denver Nuggets
Los Angeles Lakers,Chicago Bulls,Chicago Bulls
New York Knicks,Atlanta Hawks,New York Knicks
Oklahoma City Thunder,Indiana Pacers,Indiana Pacers
Sacramento Kings,Toronto Raptors,Sacramento Kings
Charlotte Hornets,Memphis Grizzlies,Memphis Grizzlies
Detroit Pistons,Houston Rockets,Houston Rockets
Indiana Pacers,Golden State Warriors,Golden State Warriors
Los Angeles Clippers,Toronto Raptors,Los Angeles Clippers
Milwaukee Bucks,Orlando Magic,Milwaukee Bucks
Minnesota Timberwolves,Boston Celtics,Boston Celtics
Philadelphia 76ers,Miami Heat,Philadelphia 76ers
San Antonio Spurs,Dallas Mavericks,San Antonio Spurs
Washington Wizards,Phoenix Suns,Washington Wizards
Atlanta Hawks,New Orleans Pelicans,New Orleans Pelicans
Denver Nuggets,Chicago Bulls,Denver Nuggets
Los Angeles Lakers,Oklahoma City Thunder,Los Angeles Lakers
New York Knicks,Portland Trail Blazers,New York Knicks
Brooklyn Nets,Boston Celtics,Boston Celtics
Charlotte Hornets,San Antonio Spurs,San Antonio Spurs
Cleveland Cavaliers,Portland Trail Blazers,Cleveland Cavaliers
Dallas Mavericks,Los Angeles Clippers,Los Angeles Clippers
Detroit Pistons,Miami Heat,Detroit Pistons
Golden State Warriors,Los Angeles Lakers,Golden State Warriors
Houston Rockets,Toronto Raptors,Toronto Raptors
Indiana Pacers,Atlanta Hawks,Atlanta Hawks
New Orleans Pelicans,Minnesota Timberwolves,New Orleans Pelicans
Orlando Magic,Phoenix Suns,Phoenix Suns
Philadelphia 76ers,Memphis Grizzlies,Memphis Grizzlies
Sacramento Kings,Oklahoma City Thunder,Sacramento Kings
Utah Jazz,Denver Nuggets,Utah Jazz
Boston Celtics,San Antonio Spurs,San Antonio Spurs
Cleveland Cavaliers,Dallas Mavericks,Cleveland Cavaliers
Denver Nuggets,Oklahoma City Thunder,Oklahoma City Thunder
Detroit Pistons,Los Angeles Clippers,Detroit Pistons
Indiana Pacers,Brooklyn Nets,Indiana Pacers
Los Angeles Lakers,Golden State Warriors,Golden State Warriors
Memphis Grizzlies,Miami Heat,Miami Heat
Milwaukee Bucks,Toronto Raptors,Toronto Raptors
New York Knicks,Charlotte Hornets,New York Knicks
Orlando Magic,Washington Wizards,Washington Wizards
Philadelphia 76ers,Chicago Bulls,Chicago Bulls
Phoenix Suns,Minnesota Timberwolves,Minnesota Timberwolves
Portland Trail Blazers,New Orleans Pelicans,Portland Trail Blazers
Sacramento Kings,Houston Rockets,Houston Rockets
Utah Jazz,Atlanta Hawks,Utah Jazz
Charlotte Hornets,New York Knicks,Charlotte Hornets
Golden State Warriors,Minnesota Timberwolves,Golden State Warriors
Miami Heat,Memphis Grizzlies,Memphis Grizzlies
Oklahoma City Thunder,Detroit Pistons,Oklahoma City Thunder
Washington Wizards,San Antonio Spurs,San Antonio Spurs
Brooklyn Nets,Sacramento Kings,Sacramento Kings
Dallas Mavericks,New Orleans Pelicans,Dallas Mavericks
Indiana Pacers,Los Angeles Clippers,Indiana Pacers
Los Angeles Lakers,Atlanta Hawks,Los Angeles Lakers
Orlando Magic,Milwaukee Bucks,Milwaukee Bucks
Philadelphia 76ers,Cleveland Cavaliers,Cleveland Cavaliers
Phoenix Suns,Denver Nuggets,Denver Nuggets
Portland Trail Blazers,Houston Rockets,Houston Rockets
Golden State Warriors,Atlanta Hawks,Golden State Warriors
Memphis Grizzlies,Charlotte Hornets,Charlotte Hornets
Miami Heat,Boston Celtics,Boston Celtics
Minnesota Timberwolves,Utah Jazz,Utah Jazz
New York Knicks,Oklahoma City Thunder,Oklahoma City Thunder
Toronto Raptors,Philadelphia 76ers,Toronto Raptors
Washington Wizards,Sacramento Kings,Washington Wizards
Brooklyn Nets,Los Angeles Clippers,Brooklyn Nets
Charlotte Hornets,Detroit Pistons,Detroit Pistons
Milwaukee Bucks,Cleveland Cavaliers,Milwaukee Bucks
New Orleans Pelicans,Los Angeles Lakers,New Orleans Pelicans
San Antonio Spurs,Orlando Magic,Orlando Magic
Utah Jazz,Houston Rockets,Utah Jazz
Boston Celtics,Detroit Pistons,Detroit Pistons
Chicago Bulls,Los Angeles Lakers,Los Angeles Lakers
Dallas Mavericks,San Antonio Spurs,San Antonio Spurs
Denver Nuggets,Miami Heat,Miami Heat
Minnesota Timberwolves,New York Knicks,New York Knicks
Oklahoma City Thunder,Washington Wizards,Oklahoma City Thunder
Phoenix Suns,Atlanta Hawks,Phoenix Suns
Portland Trail Blazers,Indiana Pacers,Portland Trail Blazers
Toronto Raptors,Memphis Grizzlies,Toronto Raptors
Brooklyn Nets,Milwaukee Bucks,Milwaukee Bucks
Charlotte Hornets,Dallas Mavericks,Charlotte Hornets
Cleveland Cavaliers,Los Angeles Clippers,Los Angeles Clippers
Golden State Warriors,Houston Rockets,Houston Rockets
Memphis Grizzlies,Orlando Magic,Memphis Grizzlies
Utah Jazz,Miami Heat,Miami Heat
Atlanta Hawks,Detroit Pistons,Detroit Pistons
Boston Celtics,Sacramento Kings,Boston Celtics
Chicago Bulls,Cleveland Cavaliers,Chicago Bulls
Denver Nuggets,Houston Rockets,Houston Rockets
New Orleans Pelicans,Los Angeles Clippers,Los Angeles Clippers
New York Knicks,Minnesota Timberwolves,New York Knicks
Philadelphia 76ers,Orlando Magic,Orlando Magic
San Antonio Spurs,Washington Wizards,San Antonio Spurs
Toronto Raptors,Los Angeles Lakers,Toronto Raptors
Charlotte Hornets,Minnesota Timberwolves,Minnesota Timberwolves
Dallas Mavericks,Chicago Bulls,Dallas Mavericks
Golden State Warriors,Phoenix Suns,Golden State Warriors
Memphis Grizzlies,Los Angeles Lakers,Memphis Grizzlies
Milwaukee Bucks,Brooklyn Nets,Milwaukee Bucks
Philadelphia 76ers,Boston Celtics,Boston Celtics
Portland Trail Blazers,Miami Heat,Portland Trail Blazers
Toronto Raptors,Atlanta Hawks,Toronto Raptors
Utah Jazz,Denver Nuggets,Utah Jazz
Detroit Pistons,Orlando Magic,Orlando Magic
Los Angeles Clippers,Indiana Pacers,Indiana Pacers
New York Knicks,Sacramento Kings,New York Knicks
Oklahoma City Thunder,New Orleans Pelicans,Oklahoma City Thunder
Atlanta Hawks,Oklahoma City Thunder,Oklahoma City Thunder
Brooklyn Nets,Washington Wizards,Washington Wizards
Chicago Bulls,Portland Trail Blazers,Portland Trail Blazers
Dallas Mavericks,Charlotte Hornets,Charlotte Hornets
Golden State Warriors,Indiana Pacers,Golden State Warriors
Houston Rockets,Boston Celtics,Houston Rockets
Los Angeles Lakers,Utah Jazz,Utah Jazz
Milwaukee Bucks,San Antonio Spurs,San Antonio Spurs
New Orleans Pelicans,Memphis Grizzlies,Memphis Grizzlies
Philadelphia 76ers,Denver Nuggets,Denver Nuggets
Toronto Raptors,Cleveland Cavaliers,Cleveland Cavaliers
Detroit Pistons,Chicago Bulls,Detroit Pistons
Memphis Grizzlies,Philadelphia 76ers,Memphis Grizzlies
Miami Heat,New York Knicks,New York Knicks
Minnesota Timberwolves,San Antonio Spurs,San Antonio Spurs
Utah Jazz,Phoenix Suns,Utah Jazz
Washington Wizards,Orlando Magic,Orlando Magic
Atlanta Hawks,Miami Heat,Atlanta Hawks
Brooklyn Nets,Denver Nuggets,Brooklyn Nets
Charlotte Hornets,Detroit Pistons,Charlotte Hornets
Dallas Mavericks,Sacramento Kings,Sacramento Kings
Houston Rockets,Los Angeles Lakers,Houston Rockets
Los Angeles Clippers,Golden State Warriors,Golden State Warriors
Milwaukee Bucks,Portland Trail Blazers,Milwaukee Bucks
New York Knicks,Cleveland Cavaliers,Cleveland Cavaliers
Orlando Magic,Boston Celtics,Boston Celtics
Phoenix Suns,Indiana Pacers,Indiana Pacers
Chicago Bulls,San Antonio Spurs,Chicago Bulls
Memphis Grizzlies,Portland Trail Blazers,Memphis Grizzlies
New Orleans Pelicans,Philadelphia 76ers,Philadelphia 76ers
Toronto Raptors,Minnesota Timberwolves,Toronto Raptors
Utah Jazz,Golden State Warriors,Golden State Warriors
Washington Wizards,Denver Nuggets,Washington Wizards
Boston Celtics,Toronto Raptors,Toronto Raptors
Charlotte Hornets,Orlando Magic,Charlotte Hornets
Cleveland Cavaliers,Miami Heat,Cleveland Cavaliers
Dallas Mavericks,Indiana Pacers,Dallas Mavericks
Los Angeles Lakers,Phoenix Suns,Phoenix Suns
Milwaukee Bucks,Atlanta Hawks,Atlanta Hawks
Minnesota Timberwolves,Detroit Pistons,Detroit Pistons
Oklahoma City Thunder,Houston Rockets,Houston Rockets
Sacramento Kings,New York Knicks,New York Knicks
Chicago Bulls,Miami Heat,Chicago Bulls
Cleveland Cavaliers,Charlotte Hornets,Cleveland Cavaliers
Houston Rockets,Dallas Mavericks,Houston Rockets
Indiana Pacers,Portland Trail Blazers,Indiana Pacers
Los Angeles Clippers,New Orleans Pelicans,Los Angeles Clippers
Memphis Grizzlies,Golden State Warriors,Memphis Grizzlies
Orlando Magic,Denver Nuggets,Denver Nuggets
San Antonio Spurs,Brooklyn Nets,San Antonio Spurs
Utah Jazz,Sacramento Kings,Utah Jazz
Washington Wizards,Milwaukee Bucks,Washington Wizards
Detroit Pistons,Philadelphia 76ers,Philadelphia 76ers
Los Angeles Lakers,New York Knicks,New York Knicks
Minnesota Timberwolves,Golden State Warriors,Golden State Warriors
Oklahoma City Thunder,Boston Celtics,Oklahoma City Thunder
Phoenix Suns,New Orleans Pelicans,New Orleans Pelicans
Dallas Mavericks,Denver Nuggets,Dallas Mavericks
Houston Rockets,Brooklyn Nets,Houston Rockets
Indiana Pacers,Charlotte Hornets,Indiana Pacers
Los Angeles Clippers,Portland Trail Blazers,Los Angeles Clippers
Miami Heat,Washington Wizards,Miami Heat
Sacramento Kings,Los Angeles Lakers,Sacramento Kings
Toronto Raptors,Milwaukee Bucks,Toronto Raptors
Atlanta Hawks,Orlando Magic,Orlando Magic
Chicago Bulls,Minnesota Timberwolves,Minnesota Timberwolves
Cleveland Cavaliers,Memphis Grizzlies,Cleveland Cavaliers
New Orleans Pelicans,Golden State Warriors,Golden State Warriors
Phoenix Suns,New York Knicks,Phoenix Suns
Portland Trail Blazers,Oklahoma City Thunder,Portland Trail Blazers
Brooklyn Nets,Los Angeles Lakers,Brooklyn Nets
Dallas Mavericks,Detroit Pistons,Detroit Pistons
Houston Rockets,Sacramento Kings,Houston Rockets
Memphis Grizzlies,Cleveland Cavaliers,Memphis Grizzlies
Miami Heat,Indiana Pacers,Miami Heat
Orlando Magic,Los Angeles Clippers,Los Angeles Clippers
Philadelphia 76ers,Toronto Raptors,Toronto Raptors
San Antonio Spurs,Boston Celtics,San Antonio Spurs
Utah Jazz,Oklahoma City Thunder,Utah Jazz
Washington Wizards,Charlotte Hornets,Washington Wizards
Denver Nuggets,Portland Trail Blazers,Denver Nuggets
Golden State Warriors,New York Knicks,Golden State Warriors
Milwaukee Bucks,Chicago Bulls,Milwaukee Bucks
New Orleans Pelicans,Indiana Pacers,New Orleans Pelicans
Phoenix Suns,San Antonio Spurs,San Antonio Spurs
Boston Celtics,Charlotte Hornets,Boston Celtics
Chicago Bulls,Milwaukee Bucks,Milwaukee Bucks
Houston Rockets,New Orleans Pelicans,Houston Rockets
Memphis Grizzlies,Sacramento Kings,Sacramento Kings
Miami Heat,Los Angeles Clippers,Los Angeles Clippers
Orlando Magic,Brooklyn Nets,Orlando Magic
Philadelphia 76ers,Los Angeles Lakers,Los Angeles Lakers
Toronto Raptors,Atlanta Hawks,Atlanta Hawks
Utah Jazz,Dallas Mavericks,Utah Jazz
Washington Wizards,Detroit Pistons,Washington Wizards
Atlanta Hawks,Charlotte Hornets,Charlotte Hornets
Cleveland Cavaliers,Los Angeles Lakers,Cleveland Cavaliers
Denver Nuggets,New York Knicks,Denver Nuggets
Detroit Pistons,Indiana Pacers,Indiana Pacers
Golden State Warriors,Portland Trail Blazers,Golden State Warriors
Minnesota Timberwolves,Houston Rockets,Houston Rockets
Oklahoma City Thunder,Phoenix Suns,Oklahoma City Thunder
Dallas Mavericks,Sacramento Kings,Dallas Mavericks
Memphis Grizzlies,Utah Jazz,Utah Jazz
Miami Heat,Boston Celtics,Boston Celtics
Orlando Magic,Toronto Raptors,Toronto Raptors
Philadelphia 76ers,Brooklyn Nets,Philadelphia 76ers
San Antonio Spurs,New Orleans Pelicans,San Antonio Spurs
Washington Wizards,Los Angeles Clippers,Washington Wizards
Chicago Bulls,Detroit Pistons,Chicago Bulls
Denver Nuggets,Dallas Mavericks,Denver Nuggets
Indiana Pacers,Washington Wizards,Indiana Pacers
Minnesota Timberwolves,Phoenix Suns,Minnesota Timberwolves
Oklahoma City Thunder,Atlanta Hawks,Atlanta Hawks
Charlotte Hornets,Los Angeles Lakers,Charlotte Hornets
Golden State Warriors,Utah Jazz,Golden State Warriors
Houston Rockets,San Antonio Spurs,San Antonio Spurs
Los Angeles Clippers,Denver Nuggets,Los Angeles Clippers
Memphis Grizzlies,Boston Celtics,Boston Celtics
Miami Heat,Orlando Magic,Orlando Magic
Milwaukee Bucks,Cleveland Cavaliers,Cleveland Cavaliers
New York Knicks,Indiana Pacers,New York Knicks
Philadelphia 76ers,New Orleans Pelicans,New Orleans Pelicans
Sacramento Kings,Portland Trail Blazers,Sacramento Kings
Toronto Raptors,Brooklyn Nets,Toronto Raptors
Atlanta Hawks,Minnesota Timberwolves,Minnesota Timberwolves
Chicago Bulls,Washington Wizards,Washington Wizards
Cleveland Cavaliers,Milwaukee Bucks,Cleveland Cavaliers
Detroit Pistons,Memphis Grizzlies,Memphis Grizzlies
New Orleans Pelicans,Oklahoma City Thunder,Oklahoma City Thunder
Phoenix Suns,Houston Rockets,Houston Rockets
Portland Trail Blazers,Dallas Mavericks,Dallas Mavericks
Utah Jazz,Sacramento Kings,Sacramento Kings
Brooklyn Nets,Golden State Warriors,Golden State Warriors
Indiana Pacers,Boston Celtics,Boston Celtics
Los Angeles Clippers,San Antonio Spurs,Los Angeles Clippers
Miami Heat,Los Angeles Lakers,Miami Heat
New York Knicks,Orlando Magic,New York Knicks
Boston Celtics,Oklahoma City Thunder,Oklahoma City Thunder
Charlotte Hornets,Chicago Bulls,Charlotte Hornets
Cleveland Cavaliers,Brooklyn Nets,Cleveland Cavaliers
Denver Nuggets,Atlanta Hawks,Atlanta Hawks
Detroit Pistons,Golden State Warriors,Golden State Warriors
Los Angeles Clippers,Dallas Mavericks,Dallas Mavericks
Memphis Grizzlies,Houston Rockets,Memphis Grizzlies
Milwaukee Bucks,Washington Wizards,Milwaukee Bucks
Minnesota Timberwolves,Sacramento Kings,Sacramento Kings
New Orleans Pelicans,Miami Heat,New Orleans Pelicans
Orlando Magic,Los Angeles Lakers,Orlando Magic
Phoenix Suns,Philadelphia 76ers,Phoenix Suns
Portland Trail Blazers,San Antonio Spurs,San Antonio Spurs
Utah Jazz,Toronto Raptors,Toronto Raptors
Cleveland Cavaliers,Golden State Warriors,Cleveland Cavaliers
Los Angeles Lakers,Los Angeles Clippers,Los Angeles Lakers
New York Knicks,Boston Celtics,Boston Celtics
Oklahoma City Thunder,Minnesota Timberwolves,Oklahoma City Thunder
San Antonio Spurs,Chicago Bulls,San Antonio Spurs
Brooklyn Nets,Charlotte Hornets,Brooklyn Nets
Chicago Bulls,Indiana Pacers,Chicago Bulls
Detroit Pistons,Cleveland Cavaliers,Detroit Pistons
Houston Rockets,Phoenix Suns,Houston Rockets
Los Angeles Clippers,Denver Nuggets,Denver Nuggets
Minnesota Timberwolves,Atlanta Hawks,Minnesota Timberwolves
New Orleans Pelicans,Dallas Mavericks,New Orleans Pelicans
Orlando Magic,Memphis Grizzlies,Orlando Magic
Portland Trail Blazers,Toronto Raptors,Toronto Raptors
Sacramento Kings,Philadelphia 76ers,Sacramento Kings
Washington Wizards,Milwaukee Bucks,Washington Wizards
Boston Celtics,Memphis Grizzlies,Boston Celtics
Dallas Mavericks,Houston Rockets,Houston Rockets
Los Angeles Lakers,Utah Jazz,Utah Jazz
Miami Heat,Oklahoma City Thunder,Oklahoma City Thunder
Atlanta Hawks,New York Knicks,Atlanta Hawks
Chicago Bulls,Brooklyn Nets,Chicago Bulls
Denver Nuggets,Minnesota Timberwolves,Denver Nuggets
Detroit Pistons,Milwaukee Bucks,Milwaukee Bucks
Golden State Warriors,Toronto Raptors,Golden State Warriors
New Orleans Pelicans,Los Angeles Clippers,New Orleans Pelicans
Orlando Magic,Charlotte Hornets,Charlotte Hornets
Portland Trail Blazers,Sacramento Kings,Portland Trail Blazers
San Antonio Spurs,Phoenix Suns,San Antonio Spurs
Washington Wizards,Indiana Pacers,Washington Wizards
Charlotte Hornets,Miami Heat,Charlotte Hornets
Cleveland Cavaliers,Boston Celtics,Cleveland Cavaliers
Los Angeles Lakers,Dallas Mavericks,Dallas Mavericks
Memphis Grizzlies,Oklahoma City Thunder,Memphis Grizzlies
Phoenix Suns,Toronto Raptors,Phoenix Suns
Utah Jazz,Philadelphia 76ers,Utah Jazz
Atlanta Hawks,Detroit Pistons,Atlanta Hawks
Boston Celtics,Miami Heat,Boston Celtics
Denver Nuggets,Philadelphia 76ers,Philadelphia 76ers
Golden State Warriors,Dallas Mavericks,Golden State Warriors
Houston Rockets,Los Angeles Clippers,Houston Rockets
Indiana Pacers,Chicago Bulls,Indiana Pacers
Minnesota Timberwolves,Milwaukee Bucks,Minnesota Timberwolves
New Orleans Pelicans,New York Knicks,New Orleans Pelicans
San Antonio Spurs,Portland Trail Blazers,San Antonio Spurs
Washington Wizards,Brooklyn Nets,Washington Wizards
Chicago Bulls,Milwaukee Bucks,Milwaukee Bucks
Charlotte Hornets,Cleveland Cavaliers,Cleveland Cavaliers
Houston Rockets,New York Knicks,Houston Rockets
Oklahoma City Thunder,Los Angeles Clippers,Oklahoma City Thunder
Sacramento Kings,Memphis Grizzlies,Memphis Grizzlies
Utah Jazz,Phoenix Suns,Utah Jazz